Condition,MAE,RMSE,R2
Before Outlier Removal,26.163520240388955,128.49674292222704,0.9973120110405331
After Outlier Removal,0.4360403919852419,0.6987045445770351,0.999988866191453
