Model,MAE,RMSE,R2
Linear Regression,2800.8672991339186,10516.143839333346,0.5859928740369371
