Model,MAE,RMSE,R2
XGBRegressor,1869.0944903558798,9341.269638586185,0.6733319970864056
