Model,MAE,RMSE,R2
Random Forest,1821.3231767442676,9342.760748009587,0.6732276993553594
